"user1@test.com","Password1"
"user2@test.com","Password2"
"user3@test.com","Password3"
"user4@test.com","Password4"
"user5@test.com","Password5"
"user6@test.com","Password6"
"user7@test.com","Password7"
"user8@test.com","Password8"
"user9@test.com","Password9"
"user10@test.com","Password10"
"user11@test.com","Password11"
"user12@test.com","Password12"
"user13@test.com","Password13"
"user14@test.com","Password14"
"user15@test.com","Password15"
"user16@test.com","Password16"
"user17@test.com","Password17"
"user18@test.com","Password18"
"user19@test.com","Password19"
"user20@test.com","Password20"
"user21@test.com","Password21"
"user22@test.com","Password22"
"user23@test.com","Password23"
"user24@test.com","Password24"
"user25@test.com","Password25"
"user26@test.com","Password26"
"user27@test.com","Password27"
"user28@test.com","Password28"
"user29@test.com","Password29"
"user30@test.com","Password30"
"user31@test.com","Password31"
"user32@test.com","Password32"
"user33@test.com","Password33"
"user34@test.com","Password34"
"user35@test.com","Password35"
"user36@test.com","Password36"
"user37@test.com","Password37"
"user38@test.com","Password38"
"user39@test.com","Password39"
"user40@test.com","Password40"
"user41@test.com","Password41"
"user42@test.com","Password42"
"user43@test.com","Password43"
"user44@test.com","Password44"
"user45@test.com","Password45"
"user46@test.com","Password46"
"user47@test.com","Password47"
"user48@test.com","Password48"
"user49@test.com","Password49"
"user50@test.com","Password50"
